item,type,condition,full_text
1,janus,standard_de,"In der alten römischen Religion und Mythologie ist Janus der Gott des Anfangs und der Tore. Er hat eine doppelte Natur und wird gewöhnlich mit zwei Gesichtern dargestellt, da er in die Zukunft und in die Vergangenheit blickt. Janus überwachte den Beginn und das Ende von Konflikten und damit auch Krieg und Frieden. Die Türen seines Tempels waren in Kriegszeiten geöffnet und geschlossen in Zeiten des Friedens. Als Gott der Tore wurde er außerdem mit dem Betreten und Verlassen von Haustüren in Verbindung gebracht. Janus symbolisierte häufig Veränderungen und Übergänge, wie den Wechsel von einer Bedingung zur anderen, von einer Perspektive zur anderen und das Heranwachsen junger Menschen zum Erwachsenenalter. Deswegen wurde Janus zu Beginn der Saat- und Erntezeit verehrt, genauso wie zu Hochzeiten, Todesfällen und anderen Übergängen. Für Janus war kein spezieller Priester zuständig, sondern der höchste Priester leitete die Zeremonien selbst. Janus stellte den Mittelweg zwischen Barbarei und Zivilisation, ländlichem und urbanem Leben, Jugend und Erwachsenenalter dar. Die alten Griechen hatten kein Äquivalent zu Janus, den die Römer ganz für sich beanspruchten."
2,shaka,standard_de,"Das Wort Shaka, begleitet von einer typischen Handhaltung, bei der die geschlossene Faust mit abgespreiztem Daumen und kleinem Finger gehoben wird, ist eine ganz allgemein auf Hawaii gebräuchliche Geste und bedeutet etwa so viel wie „Cool“ oder „Locker“. Unter Windsurfern ist das Zeichen als Gruß verbreitet und wird als „Hang Loose“ bezeichnet. Hier hat dieser Gruß jedoch eine ganz reale Anwendung: die abgespreizten Finger stehen für den Trapez-Tampen und die Faust für den Haken des Trapezes, mit welchem sich der Windsurfer einhängt. Der exakte Ursprung des Zeichens ist letztlich nicht gesichert, doch existieren eine Reihe von Theorien. Nach Recherche einer Zeitung geht das Handzeichen auf einen berühmten Hawaiianer zurück, dem an einer Hand drei Finger fehlten. Woher aber der begleitende Name Shaka rührt ist ungeklärt. Auch von Prominenten wird der Gruß häufig verwendet. Bekannte Schauspieler, Musiker und Politiker verwenden ihn und selbst der brasilianische Weltfußballer Ronaldinho nutzte diese Geste oft beim Torjubel. Er schwenkte jedoch seine beiden Hände noch zusätzlich."
3,doping,standard_de,"Im Leistungssport ist Doping die Nutzung verbotener leistungssteigernder Substanzen durch die teilnehmenden Athleten. Der Ausdruck Doping wird häufig von Organisationen verwendet, die sportliche Wettbewerbe regulieren. Der Gebrauch von Medikamenten, um die eigene Leistung zu steigern, wird allgemein als unethisch angesehen und deswegen von den meisten internationalen Sportorganisationen, wie dem Internationalen Olympischen Komitee, verboten. Darüber hinaus verschlimmern Athleten, die gezielt Maßnahmen ergreifen, um nicht entdeckt zu werden, ihr Vergehen, indem sie vorsätzlich täuschen und betrügen. Obwohl in den aktuellen Nachrichten häufig behandelt, ist Doping kein neues Phänomen - tatsächlich ist es so alt wie der Sport selbst. Von der Verwendung von Substanzen in alten Wagenrennen bis hin zu neueren Kontroversen im Baseball und im Radsport haben sich die Ansichten der Athleten im Laufe der Jahre stark verändert. In den letzten Jahrzehnten haben Behörden und Sportorganisationen versucht, den Konsum von Medikamenten im Sport streng zu regulieren. Die Hauptgründe für dieses Verbot sind die Gesundheitsrisiken von leistungssteigernden Medikamenten, die Chancengleichheit im Sport und das positive Beispiel, das durch den drogenfreien Sport in der Gesellschaft vermittelt wird. Anti-Doping-Behörden haben wiederholt betont, dass der Einsatz leistungssteigernder Medikamente gegen den Geist des Sports"" verstößt."""
4,thylacine,standard_de,"Der Beutelwolf, auch Tasmanischer Tiger genannt, war das größte räuberisch lebende Beuteltier, das in geschichtlicher Zeit auf dem australischen Kontinent lebte. Das letzte bekannte Exemplar starb im zwanzigsten Jahrhundert in einem Zoo auf Tasmanien. Nicht nur dem Namen nach gibt es Ähnlichkeiten zwischen Wolf und Beutelwolf. Obwohl die Vorfahren beider Tiere sich stammesgeschichtlich sehr früh in der Kreidezeit teilten, entwickelte sich in der Gruppe der Beuteltiere und der Höheren Säugetiere jeweils ein Raubtier mit verblüffenden Übereinstimmungen. Beide besitzen ein Raubtiergebiss mit sehr kleinen Schneidezähnen und großen, gebogenen Eckzähnen. Sein ursprünglicher Lebensraum waren offene Waldgebiete und Grasländer. In den letzten Jahrzehnten seiner Existenz wurde er aber durch den Menschen in dichte Wälder abgedrängt. Beutelwölfe waren in der Regel nachtaktiv, konnten aber beim Sonnenbaden beobachtet werden. Über die Jagdtechnik gibt es unterschiedliche Berichte. Nach manchen Berichten verfolgte der Beutelwolf seine Beute, bis sie ermüdet war und er sie überwältigen konnte; nach anderen Berichten schlich er sich an seine Opfer an und überrumpelte sie. Dabei half ihm sein kräftiger Kiefer, mit dem er den Schädel eines Hundes mit einem einzigen Biss zermalmen konnte."
5,world_environment_day,standard_de,"Der Weltumwelttag oder auch Tag der Umwelt ist ein jährlich am 5. Juni weltweit begangener Aktionstag. Im Jahr 1972, dem Eröffnungsjahr der ersten Weltumweltkonferenz in Stockholm, wurde der Weltumwelttag offiziell vom Umweltprogramm der Vereinten Nationen ausgerufen. Seit 1976 werden zum Weltumwelttag auch in Deutschland Aktionen zum Thema Recycling, gegen Naturzerstörung weltweit und zur Schärfung des Umweltbewusstseins organisiert. So wurde in vergangenen Jahren zum Beispiel das globale Umweltproblem des Meeresspiegelanstiegs für die kleinen Inselstaaten dieser Erde thematisiert. Sowohl Modellprojekte zu thermischen Solaranlagen, wie auch Photovoltaikanlagen wurden dafür in Betrieb genommen. Länder, in denen an nahezu 365 Tagen im Jahr die Sonne scheine, könnten sich eine Verschwendung von Dachflächen nicht leisten, sagten bekannte Politiker. Auch in weiteren Staaten gab es Aktionen: In Sri Lanka wurden etwa Strände von Plastikmüll gesäubert. Das internationale Jahresmotto für 2018 lautete “Bekämpft den Plastikmüll”. Gastgebernation war Indien, gastgebende Stadt Neu-Delhi. Ein verwandter Gedenktag zum Weltumwelttag ist der Tag der Erde."
6,monocle,standard_de,"Das Monokel ist eine Sehhilfe, die im Gegensatz zur heute verwendeten Brille aus nur einem Glas besteht und am Auge eingeklemmt wird. Das Monokel entwickelte sich aus dem Lesestein, einer geschliffenen Linse aus Quarz oder Beryll. Daher stammt auch das deutsche Wort Brille. Dieser Lesestein wurde zum Vergrößern direkt auf das Schriftstück gelegt. Das im Deutschen verwendete Wort Monokel wurde aus dem Französischem entlehnt, entstand aber ursprünglich als zweisprachiges Kunstwort aus dem Altgriechischen und Latein. Das Monokel war gegen Ende des 19. Jahrhunderts besonders in Deutschland und Großbritannien populär und galt als ein Statussymbol der höheren Gesellschaftsschichten. Besonders verbreitet war es in den Offizierskorps der Armeen dieser beiden Länder. Einige Mediziner waren damals der Meinung, das Verzerren des Gesichts zum Festhalten des Monokels sei gesundheitsschädlich. Dagegen wurde gewöhnlich argumentiert, dass nur Personen Monokel tragen sollten, die es ohne solche Gesichtsverzerrungen tragen könnten. Dem wurde von Seiten der Optiker auch durch unterschiedliche Größen entsprochen."
7,wine_tasting,standard_de,"Eine Weinprobe ist die sensorische Prüfung und Bewertung von Wein. Während die Weinprobe so alt ist wie die Weinherstellung selbst, wurde ihr seit dem späten Mittelalter ein stärker formalisierter Ablauf gegeben. Moderne, professionelle Weintester verwenden eine sich ständig weiterentwickelnde Fachterminologie, mit der das Spektrum der wahrgenommenen Geschmäcke, Aromen und generellen Merkmale eines Weins beschrieben wird. In den letzten Jahren sind Studien veröffentlicht worden, welche die Zuverlässigkeit der Weinprobe sowohl bei Experten als auch bei Verbrauchern in Frage stellen. Einige Untersuchungen haben zum Beispiel gezeigt, dass Menschen erwarten, dass ein teurerer Wein mehr positive Eigenschaften besitzt als ein billigerer Wein. Wenn Verkostern Wein gegeben wird, von dem fälschlicherweise gesagt wird, dass er teuer ist, berichten sie praktisch immer, dass er besser schmeckt als derselbe Wein, wenn er als billig beschrieben wird. Andere Studien zeigen, dass das Urteil der Verkoster durch ihr Wissen über Eigenschaften eines Weins wie geografische Herkunft, Reputation oder andere Faktoren verzerrt werden kann. Bei einer objektiven Weinverkostung muss der Wein deswegen blind serviert werden; das bedeutet ohne, dass der Tester das Etikett oder die Flaschenform gesehen hat. Bei einer Blindverkostung kann der Wein auch aus einem schwarzen Weinglas serviert werden, um die Farbe des Weins zu maskieren."
8,orange_juice,standard_de,"Orangensaft ist ein Fruchtsaft, der durch Auspressen von Orangen hergestellt wird. Umgangssprachlich wird er oft als O-Saft bezeichnet. Orangensaft ist der meistgetrunkene Saft der Welt und steht für die Hälfte des Gesamtkonsums an Fruchtsäften. Unterschieden wird zwischen Direktsaft und Fruchtsaft aus Fruchtsaftkonzentrat. Orangen-Direktsaft wird im Ernteland (hauptsächlich Brasilien) nach dem Pressen durch Pasteurisation haltbar gemacht. Befindet sich das Zielland in Übersee, beispielsweise Europa, so wird er per Orangensafttanker transportiert und im Zielland von den Fruchtsaftherstellern abgefüllt. Der Hauptteil des gewonnenen Orangensaftes wird noch im Produktionsland zu Orangensaftkonzentrat verarbeitet. Dazu werden dem Orangensaft unter Vakuum bei niedrigen Temperaturen zuerst die Aromen und anschließend das Wasser entzogen. Laut Fruchtsaft- und Erfrischungsgetränkeverordnung darf als Saft nur ein solches Getränk bezeichnet werden, das vollständig aus dem Fruchtsaft und dem Fruchtfleisch der entsprechenden Früchte stammt."
9,beekeeping,standard_de,"Der Imker beschäftigt sich mit der Haltung, Vermehrung und Züchtung von Honigbienen sowie mit der Produktion von Honig und weiterer Bienenprodukte. Wirtschaftlich relevanter ist heute die Bestäubungsleistung der Honigbienen in der Landwirtschaft als Nebenprodukt der Imkerei. Ein Imker braucht keine spezielle Ausbildung, aber in den deutschsprachigen Ländern absolvieren die meisten Neu-Imker einen Grundkurs. Vom Imker zu unterscheiden ist der Zeidler, der den Honig wildlebender Honigbienen-Völker im Wald sammelt. Der Imker hält seine Bienenvölker in künstlichen Nisthöhlen, den Bienenstöcken, in denen Brutnest und Honigvorräte vor Witterungseinflüssen und den Räubereien anderer Tiere geschützt sind. Der Imker produziert mit dem Honig ein Lebensmittel und ist damit in den deutschsprachigen Ländern der strengen Lebensmittelgesetzgebung unterstellt. Honigbienen sind die wichtigsten Bestäuber von Blütenpflanzen. Wegen ihrer Bestäubungsleistung ist die Honigbiene nach Rind und Schwein weltweit das drittwichtigste Nutztier in der Landwirtschaft. Neben der ökologischen Bedeutung der Honigbienen als Bestäuber von Wild- und Kulturpflanzen hat die Imkerei einen großen ökonomischen Nutzen für die Landwirtschaft, wo sie den Ertrag und die Qualität von Obst und Gemüse erhöht."
10,national_flag,standard_de,"Eine Nationalflagge symbolisiert als Flagge einen Staat, seine Selbständigkeit, Unabhängigkeit und Einheit. Davon abgeleitet können sie auch für andere Eigenschaften des Landes stehen, wie etwa für dessen Landessprache, selbst wenn diese auch in anderen Ländern verwendet wird. Oft wird die Nationalflagge eingesetzt, um damit Besitzansprüche über ein Territorium zu demonstrieren. Die Nationalflagge ging aus den Flaggen der Schiffe hervor, mit der einst deren Nationalität angezeigt wurde. Nationalflaggen können zu zivilen, staatlichen und militärischen Zwecken verwendet werden. Viele Staaten verwenden daher für diese verschiedenen Bereiche unterschiedliche Flaggen oder Abwandlungen der Grundform der Nationalflagge. Teilweise wird zusätzlich auch zwischen der Verwendung an Land und auf See unterschieden. Die Symbolik der Nationalflagge ist auch oft Grund für Streit, wenn zum Beispiel im Zuge des Wechsels einer Regierungsform die Nationalflagge geändert wird. So etwa geschehen in Portugal, wo der Wechsel der Flagge nach Abschaffung der Monarchie in der Presse zu einem Flaggenkrieg stilisiert wurde. Besonders zu nationalen Gedenktagen wird die Nationalflagge an öffentlichen Gebäuden und, wenn erlaubt, auch an privaten Häusern gehisst. In Peru und Lettland sind dazu alle Bürger am Nationalfeiertag sogar gesetzlich verpflichtet."
11,conservation_of_nature,standard_de,"Die Internationale Union für Naturschutz ist eine internationale Organisation, die auf dem Gebiet des Naturschutzes und der nachhaltigen Nutzung natürlicher Ressourcen tätig ist. Sie ist an der Datenerfassung und ihrer Analyse, Forschung, Feldprojekten, Einflussnahme und Wissensvermittlung beteiligt. Ihre Mission ist es, Gesellschaften weltweit zu ermutigen und dabei zu unterstützen, die Natur zu erhalten, und sicherzustellen, dass die Nutzung natürlicher Ressourcen gerecht und ökologisch nachhaltig ist. In den letzten Jahrzehnten hat die Organisation ihren Fokus über die Umweltschutzökologie hinaus erweitert und bezieht nun Fragen der nachhaltigen Entwicklung in ihre Projekte ein. Im Gegensatz zu vielen anderen internationalen Umweltorganisationen ist es nicht ihr Ziel, die Öffentlichkeit für den Naturschutz zu mobilisieren. Stattdessen versucht die Organisation, das Verhalten von Regierungen, Unternehmen und anderen Interessengruppen zu beeinflussen, indem sie Informationen und Ratschläge bereitstellt und Kooperationen aufbaut. Die Organisation ist der breiten Öffentlichkeit am besten durch die Erstellung und Veröffentlichung der ""Roten Liste der bedrohten Arten"" bekannt, in der der Erhaltungszustand von Arten weltweit bewertet wird. Heute beschäftigt die Organisation rund tausend Vollzeitmitarbeiter in über fünfzig Ländern."
12,vehicle_registration_plate,standard_de,"Ein Fahrzeugkennzeichen ist ein Metall- oder Kunststoffschild, das zur amtlichen Identifizierung an einem Fahrzeug angebracht ist. In allen Ländern sind solche Kennzeichen für Straßenfahrzeuge wie Autos, Lastwagen und Motorräder erforderlich. Ob sie für andere Fahrzeuge wie Fahrräder, Boote oder Traktoren erforderlich sind, kann je nach Rechtsprechung variieren. Die Registrierungskennung besteht aus einer Reihe von Buchstaben und Ziffern, die den Fahrzeughalter eindeutig im Fahrzeugregister der ausstellenden Behörde identifiziert. In einigen Ländern ist die Kennung innerhalb des gesamten Landes einzigartig, während sie dies in anderen Ländern nur innerhalb eines Staates oder einer Provinz ist. Frankreich war das erste Land, das Ende des neunzehnten Jahrhunderts das Kennzeichen einführte. Die Kennzeichen des frühen zwanzigsten Jahrhunderts variierten in Größe und Form je nach regionaler Rechtsprechung, so dass bei einem Umzug zusätzliche Löcher in das Auto gebohrt werden mussten, um das neue Kennzeichen anbringen zu können. Die Standardisierung der Platten erfolgte erst Ende der fünfziger Jahre, als sich die Automobilhersteller mit Regierungen und internationalen Organisationen einigten."
1,janus,simple_de,"Janus ist ein Gott. Er ist der Gott für den Anfang und die Tore.
 Er hat zwei Gesichter. 
 - Ein Gesicht schaut nach vorne.
 - Ein Gesicht schaut nach hinten.
 Janus passt auf den Beginn und das Ende von Kriegen auf. 
 Er passt auch auf den Frieden auf.
 Im Krieg waren die Türen des Tempels offen. 
 Im Frieden waren die Türen des Tempels zu.
 Er war auch der Gott für Türen. 
 - Er war zuständig, wenn man ins Haus kommt. 
 - Er war zuständig, wenn man das Haus verlässt.
 Janus bedeutet Veränderung. 
 Das ist zum Beispiel:
 - Wenn etwas neu wird.
 - Wenn man von klein zu groß wird.
 - Wenn man die Meinung ändert.
 Janus wurde zu bestimmten Zeiten verehrt. 
 - Zu Beginn der Saat- und Erntezeit.
 - Bei Hochzeiten.
 - Bei Todesfällen.
 - Bei anderen Übergängen.
 Für Janus gab es keinen eigenen Priester. Der höchste Priester machte die Zeremonien.
 Janus zeigt den Weg zwischen.
 - wild und zivilisiert.
 - Land und Stadt.
 - jung und erwachsen.
 Die alten Griechen kannten Janus nicht. Die Römer kannten Janus."
2,shaka,simple_de,"Das Wort Shaka bedeutet: Alles ist okay. 
 Man zeigt das so: 
 - Die Faust ist geschlossen.
 - Der Daumen ist nach oben.
 - Der kleine Finger ist nach oben.
 Windsurfer nutzen das Zeichen als Gruß. Sie sagen: ""Hang Loose"".
 Der Gruß bedeutet etwas Bestimmtes. 
 - Die Finger sind wie der Tampen.
 - Die Faust ist wie der Haken. 
 Der Windsurfer hängt sich ein.
 Man weiß nicht genau, woher das Zeichens kommt. Es gibt viele Theorien.
 Ein Mann aus Hawaii hat das Handzeichen gemacht. 
 - Der Mann war berühmt.
 - Ihm fehlten drei Finger an einer Hand.
 Man weiß nicht, woher der Name Shaka kommt.
 Viele bekannte Menschen nutzen den Gruß.
 Viele bekannte Menschen nutzen diese Geste. 
 - Schauspieler.
 - Musiker.
 - Politiker.
 - Der Fußballer Ronaldinho.
 Er hat auch seine Hände bewegt."
3,doping,simple_de,"Im Leistungssport ist Doping verboten. 
 Doping sind Mittel, die den Körper stärker machen. 
 Sportler dürfen diese Mittel nicht nehmen.
 Manche Organisationen sagen ""Doping"". Sie machen Regeln für Sport.
 Manche Menschen nehmen Medikamente, um besser zu werden. 
 Das ist nicht in Ordnung. 
 Deswegen ist es verboten. 
 Das Internationale Olympische Komitee sagt: Das ist nicht erlaubt.
 Manche Sportler machen es noch schlimmer. Sie versuchen, nicht erwischt zu werden. Sie lügen und betrügen mit Absicht.
 Doping ist nicht neu. Doping ist alt wie der Sport.
 Früher dachten Sportler anders über Doping. Heute denken sie anders. 
 Es gab Doping im Auto-Rennen. 
 Es gab Doping im Baseball. 
 Es gab Doping im Radsport.
 In den letzten Jahren wollten Behörden und Sportvereine etwas machen. Sie wollten den Dopingkonsum im Sport stoppen.
 Es gibt drei Gründe für das Verbot:
 - Die Medikamente sind schlecht für die Gesundheit.
 - Alle Sportler sollen gleiche Chancen haben.
 - Der Sport soll ein gutes Beispiel für die Gesellschaft sein.
 Die Anti-Doping-Behörden sagen: 
 - Leistungssteigernde Medikamente sind nicht in Ordnung 
 - Sie gehören nicht zum Sport"
4,thylacine,simple_de,"Der Beutelwolf war ein großes Tier. Es lebte in Australien. Man nannte es auch Tasmanischer Tiger.
 Das letzte Tier starb im Zoo. Der Zoo ist auf Tasmanien.
 Der Wolf und der Beutelwolf sind ähnlich.
 Es gibt zwei Tiere. 
 - Sie haben gemeinsame Vorfahren. 
 - Diese Vorfahren haben sich vor sehr langer Zeit getrennt.
 Jetzt sind diese Tiere sehr ähnlich.
 Beide haben scharfe Zähne. 
 - Die vorderen Zähne sind klein.
 - Die hinteren Zähne sind groß und gebogen.
 Er lebt in offenen Wäldern und auf Grasflächen.
 Der Mensch hat ihn in die Wälder gedrängt.
 Beutelwölfe sind nachts unterwegs. Man kann sie aber auch tagsüber sehen, wenn sie in der Sonne liegen.
 Es gibt verschiedene Geschichten über die Jagd.
 Der Beutelwolf jagt sein Opfer. 
 - Er läuft hinterher, bis das Opfer müde ist.
 - Oder er schleicht sich an und überrascht das Opfer.
 Er hatte einen starken Kiefer. Damit konnte er den Schädel eines Hundes zerbrechen."
5,world_environment_day,simple_de,"Der Weltumwelttag ist am 5. Juni. 
 An diesem Tag machen Menschen etwas für die Umwelt.
 Im Jahr 1972 gab es eine große Umwelt-Konferenz. 
 Dann wurde der Weltumwelttag ins Leben gerufen. 
 Das machte das Umweltprogramm der Vereinten Nationen.
 Seit 1976 macht Deutschland etwas zum Weltumwelttag. Es gibt Aktionen für:
 - Das Recyclen.
 - Den Schutz der Natur.
 - Das Umweltbewusstsein.
 Es gibt ein großes Umweltproblem: Der Meeresspiegel steigt. Das ist besonders schlecht für kleine Inseln.
 Es gibt zwei Arten von Anlagen:
 - Thermische Solaranlagen.
 - Photovoltaikanlagen.
 Beide sind in Betrieb.
 In manchen Ländern scheint die Sonne fast jeden Tag. 
 Dort sollten die Dächer benutzt werden. 
 Das sagen einige Politiker.
 In Sri Lanka haben Menschen die Strände gesäubert. Sie haben den Plastikmüll weggenommen.
 Das Motto für 2018 war: Bekämpft den Plastikmüll.
 Das Land war Indien. Die Stadt war Neu-Delhi.
 Es gibt einen anderen Gedenktag: der Tag der Erde. Er ist ähnlich wie der Weltumwelttag."
6,monocle,simple_de,"Das Monokel ist eine Sehhilfe. Es besteht aus einem Glas. Man klemmt es vor das Auge.
 Das Monokel kommt vom Lesestein. Der Lesestein ist eine spezielle Linse.
 Das deutsche Wort ""Brille"" kommt von dort.
 Man legt den Lesestein auf das Papier.
 Das Wort Monokel kommt aus dem Französischen. Es kommt ursprünglich aus dem Altgriechischen und Latein.
 Das Monokel war früher in Deutschland und Großbritannien sehr beliebt. 
 Es war ein Zeichen für reiche Menschen.
 Viele Offiziere in den Armeen dieser beiden Länder hatten es.
 Einige Ärzte dachten: 
 - Das Zusammenkneifen der Augen ist nicht gesund. 
 - Das kann den Menschen schaden.
 Manche sagen: Nur Menschen sollen ein Monokel tragen, wenn es ihnen gut steht.
 Die Optiker haben das gemacht. Sie haben verschiedene Größen gemacht."
7,wine_tasting,simple_de,"Man probiert den Wein und sagt, ob er gut ist.
 Die Weinprobe ist sehr alt. 
 - Sie ist so alt wie der Wein. 
 - Früher war die Weinprobe einfach. 
 - Später wurde sie ordentlicher gemacht.
 Weintester beschreiben den Wein. 
 - Sie sagen, wie der Wein schmeckt.
 - Sie sagen, wie der Wein riecht.
 - Sie sagen, wie der Wein ist.
 Es gibt Studien. Diese Studien sagen: 
 - Experten können Wein nicht immer richtig probieren
 - Verbraucher können Wein nicht immer richtig probieren
 Man denkt: Teurer Wein ist besser als billiger Wein.
 Wenn man den Leuten sagt, der Wein ist teuer, sagen sie: Der Wein schmeckt gut. 
 Wenn man den Leuten sagt, der Wein ist billig, sagen sie: Der Wein schmeckt nicht so gut.
 Andere Studien zeigen: 
 - Das Urteil der Verkoster kann falsch sein. 
 - Das passiert weil sie zu viel über den Wein wissen. 
 - Zum Beispiel wissen sie, woher der Wein kommt.
 Man bekommt den Wein ohne Etikett. Der Tester sieht nicht, wie die Flasche aussieht.
 Man serviert den Wein in einem schwarzen Glas. Dann sieht man nicht, wie der Wein aussieht."
8,orange_juice,simple_de,"Orangensaft kommt von Orangen. Man drückt die Orangen aus.
 Man nennt ihn auch O-Saft.
 Orangensaft ist der Saft, den die meisten Menschen trinken. 
 Er macht die Hälfte von allen Fruchtsäften aus.
 Es gibt zwei Arten von Saft: 
 - Direktsaft 
 - Saft aus Konzentrat
 Man presst Orangen aus. Dann macht man den Saft haltbar. Das passiert meist in Brasilien.
 Das Zielland ist zum Beispiel Europa. 
 - Der Orangensaft wird mit einem Tanker dorthin gebracht.
 - Im Zielland füllen die Hersteller den Saft in Flaschen ab.
 Man macht aus dem Orangensaft Konzentrat. Das passiert im Land, wo die Orangen wachsen.
 Man macht den Orangensaft leer. 
 - Zuerst nimmt man die Aromen raus.
 - Dann nimmt man das Wasser raus.
 Ein Getränk darf nur ""Saft"" heißen, wenn es 
 - aus dem Saft der Früchte gemacht ist 
 - aus dem Fleisch der Früchte gemacht ist."
9,beekeeping,simple_de,"Der Imker hält Bienen. 
 Er macht Honig. 
 Er züchtet Bienen.
 Die Honigbienen helfen in der Landwirtschaft. 
 - Sie bestäuben Pflanzen. 
 Das ist wichtig für die Wirtschaft.
 Ein Imker braucht keine Ausbildung. 
 Viele Imker machen aber einen Kurs.
 Es gibt zwei Arten von Menschen:
 - Der Imker hält Bienen.
 - Der Zeidler sucht Honig im Wald.
 Der Imker hält seine Bienen in Bienenstöcken. 
 Dort sind die Bienen vor Regen und anderen Tieren sicher.
 Der Imker macht Honig. Das ist ein Lebensmittel. Der Imker muss sich an die Regeln für Lebensmittel halten.
 Honigbienen helfen Blumen. Sie bringen den Blumen den Staub.
 Die Honigbiene ist wichtig für die Landwirtschaft. 
 - Sie hilft bei der Bestäubung. 
 - Sie ist nach Rind und Schwein das drittwichtigste Tier.
 Honigbienen sind wichtig für die Natur. 
 Sie helfen Pflanzen wachsen. 
 Das bringt Vorteile für die Landwirtschaft. 
 Dadurch gibt es mehr Obst und Gemüse. 
 Das Obst und Gemüse ist auch besser."
10,national_flag,simple_de,"Eine Nationalflagge ist ein Symbol. 
 - Sie zeigt den Staat.
 - Sie zeigt die Freiheit des Staates.
 - Sie zeigt die Einheit des Staates.
 Sie stehen für das Land. Sie stehen auch für die Sprache des Landes.
 Man hisst die Flagge, um zu zeigen: Das ist mein Land.
 Die Nationalflagge kommt von den Flaggen auf Schiffen. 
 Diese Flaggen zeigten: Das Schiff kommt aus diesem Land.
 Man benutzt die Nationalflagge für verschiedene Dinge:
 - Für zivile Dinge.
 - Für staatliche Dinge.
 - Für militärische Dinge.
 Viele Länder haben verschiedene Flaggen. Zum Beispiel für das Militär oder für die Regierung.
 Man unterscheidet zwischen:
 - Verwendung auf dem Land.
 - Verwendung auf dem Meer.
 Die Nationalflagge kann für Streit sorgen. Zum Beispiel wenn sich die Regierung ändert. Dann wird oft die Flagge geändert.
 In Portugal wurde die Flagge geändert. Das war nach dem Ende der Monarchie. Die Zeitungen haben viel darüber geschrieben.
 An bestimmten Tagen hisst man die Flagge. 
 - An öffentlichen Gebäuden.
 - An privaten Häusern, wenn es erlaubt ist.
 In Peru und Lettland müssen alle Menschen am Nationalfeiertag etwas tun. Das ist gesetzlich so."
11,conservation_of_nature,simple_de,"Die Internationale Union für Naturschutz ist eine Organisation. 
 - Sie schützt die Natur.
 - Sie sorgt dafür, dass die Erde nicht kaputt geht.
 Sie macht folgendes:
 - Sie sammelt Daten.
 - Sie analysiert Daten.
 - Sie macht Forschung.
 - Sie macht Feldprojekte.
 - Sie will etwas verändern.
 - Sie vermittelt Wissen.
 Ihre Aufgabe ist es:
 - Die Natur zu schützen.
 - Die Erde gerecht zu nutzen. 
 - Die Erde für die Zukunft zu erhalten.
 Die Organisation macht nicht nur Umweltschutz. 
 - Sie macht auch etwas für die nachhaltige Entwicklung.
 Andere Organisationen wollen die Menschen für den Naturschutz begeistern. Das ist hier nicht das Ziel.
 Die Organisation gibt Informationen und Ratschläge. 
 Sie arbeitet mit Regierungen und Unternehmen zusammen.
 Die Organisation macht eine Liste. 
 - Diese Liste zeigt, welche Tiere und Pflanzen in Gefahr sind. 
 - Die Liste gilt für die ganze Welt.
 Die Organisation hat etwa 1000 Mitarbeiter. Sie arbeiten in über 50 Ländern."
12,vehicle_registration_plate,simple_de,"Ein Fahrzeugkennzeichen ist ein Schild. Es zeigt, welches Auto es ist.
 In allen Ländern brauchen Autos, Lastwagen und Motorräder ein Kennzeichen.
 Für andere Fahrzeuge wie Fahrräder, Boote oder Traktoren:
 - Braucht man sie vielleicht.
 - Braucht man sie vielleicht nicht.
 Die Registrierungskennung ist eine Nummer. Sie besteht aus Buchstaben und Zahlen. Sie sagt, wem das Auto gehört.
 In einigen Ländern ist die Kennung überall gleich. 
 In anderen Ländern ist sie nur in einem Teil des Landes gleich.
 Frankreich war das erste Land mit Kennzeichen. Das war im 19. Jahrhundert.
 Früher sah jedes Kennzeichen anders aus. 
 - Es war unterschiedlich groß.
 - Es war unterschiedlich geformt.
 Deswegen musste man beim Umzug das Auto anpassen. 
 - Man musste Löcher bohren.
 - Dann konnte man das neue Kennzeichen anbringen.
 Die Platten wurden erst später gleich gemacht. 
 - Das war Ende der 50er Jahre. 
 - Die Autohersteller haben sich geeinigt. 
 - Sie haben mit Regierungen und anderen Organisationen gesprochen."